wage,hours,iq,kww,educ,exper,tenure,age,married,black,south,urban,sibs,brthord,meduc,feduc,distance
115,50,108,46,12,9,3,29,1,0,0,1,5,6,10,11,55.65152
200,55,103,38,10,11,15,32,1,0,1,1,3,2,12,5,32.856533
260,40,75,35,12,21,0,37,1,1,1,0,3,3,,,54.709686
265,40,101,43,12,18,2,37,1,0,0,1,1,2,,,56.788822
289,40,94,35,12,9,0,30,1,0,0,1,2,3,5,11,58.071003
300,24,83,45,12,16,3,37,1,1,1,1,4,1,3,,56.915459
310,40,104,37,13,10,0,33,0,0,0,0,2,1,14,8,61.180122
325,55,113,39,12,11,5,29,1,0,1,0,1,2,10,13,60.297199
340,50,104,41,14,4,1,31,1,0,1,1,5,3,8,18,62.350864
345,40,84,28,12,7,8,31,1,1,1,1,2,2,,,60.070328
350,40,74,24,12,14,3,32,1,0,0,1,4,2,10,13,54.595482
350,45,116,36,16,5,3,33,1,0,1,1,2,2,11,12,65.733475
350,40,93,41,12,16,0,33,0,1,1,1,1,1,12,,59.617008
350,40,109,48,12,14,1,36,1,0,0,0,1,1,9,7,55.306736
357,70,97,34,14,6,3,28,1,0,1,0,1,2,13,16,62.420826
357,70,115,37,13,5,2,30,1,0,1,1,6,7,,,61.308395
369,40,117,36,18,11,1,31,0,0,0,0,3,4,,,66.943779
370,32,73,31,12,13,2,31,1,1,1,0,9,2,3,4,51.227184
375,40,89,24,14,9,3,30,1,1,1,1,3,1,13,,63.382118
375,40,99,29,10,12,2,30,1,0,1,0,3,2,8,5,34.24807
375,60,75,24,12,12,5,30,0,0,0,0,4,1,12,8,59.21381
377,40,83,32,12,9,1,36,0,0,1,1,1,1,12,12,57.497627
380,50,106,28,12,15,11,30,1,0,1,0,2,1,7,7,56.882729
390,59,74,26,15,10,3,30,1,1,1,1,3,3,7,6,63.712753
393,48,92,37,12,15,16,38,1,0,1,1,1,1,8,7,47.687912
400,40,88,34,12,14,1,32,1,1,1,1,7,7,7,6,49.03553
400,70,100,43,12,12,3,32,1,0,0,1,3,2,5,8,55.26897
400,40,90,36,10,12,1,32,1,1,0,1,5,3,8,,33.84259
400,50,68,35,12,4,9,31,1,1,1,1,6,1,6,2,56.571152
402,40,76,28,12,9,4,28,1,1,0,1,4,2,,10,59.586739
409,40,93,26,12,17,18,38,0,0,1,0,0,1,,,59.005657
417,40,80,30,12,8,0,30,0,0,1,1,3,4,8,7,58.540653
417,48,131,39,12,7,1,28,0,0,0,1,1,2,12,6,55.047497
418,40,76,26,12,12,2,31,1,1,1,0,0,1,9,10,56.333633
425,40,86,17,10,7,1,30,1,0,1,0,4,4,3,7,35.112003
425,30,106,34,17,8,0,36,0,0,1,0,0,1,14,12,66.492889
433,40,98,28,12,11,10,30,0,0,0,1,1,1,12,11,58.817848
433,50,100,40,12,5,9,37,1,0,0,0,2,2,8,7,45.106617
440,40,84,23,12,11,2,30,1,1,1,1,5,3,9,4,59.047108
441,38,74,24,12,12,11,30,1,0,1,0,4,4,8,6,47.377323
442,60,82,32,12,12,0,33,1,0,0,1,2,3,12,9,50.525711
445,40,91,40,12,11,4,32,1,0,1,0,0,1,6,8,59.250771
445,45,110,23,12,15,13,32,0,0,0,1,2,2,5,11,60.565144
445,40,80,31,10,19,0,38,1,0,0,0,5,5,,,32.975174
450,40,94,29,15,9,4,31,1,0,0,0,1,1,12,,64.02282
450,40,63,26,11,12,4,31,1,1,1,1,7,2,7,,41.538635
450,64,67,19,12,11,1,33,0,1,0,1,6,1,11,4,59.368629
450,40,95,31,11,12,2,30,1,0,1,0,2,3,8,8,39.085888
450,40,79,23,10,20,5,36,1,1,1,1,7,6,12,12,28.402275
453,50,94,34,12,9,2,30,1,0,1,0,6,4,7,7,46.345295
460,40,92,22,11,16,1,36,1,0,1,1,5,6,,,38.48436
462,40,112,35,12,11,1,29,1,0,0,1,8,3,12,,57.107296
465,43,84,33,13,10,1,29,1,0,0,1,3,3,11,11,60.789253
471,44,101,34,12,13,7,31,1,0,0,1,3,2,8,,50.370018
472,45,71,24,11,9,0,32,1,0,1,1,13,6,6,6,37.815872
475,52,98,33,14,12,1,30,0,0,0,1,6,1,8,10,63.567104
477,45,100,33,12,9,3,31,1,0,1,0,3,3,7,7,57.286217
477,60,71,32,9,12,1,30,1,0,0,0,4,2,11,5,19.560167
478,45,90,35,10,19,10,34,1,0,1,1,2,1,9,9,34.699169
479,40,97,45,12,15,1,38,1,0,1,0,3,4,,,56.201553
480,40,59,28,10,11,5,34,0,0,0,1,0,1,8,6,32.571301
480,40,76,29,12,17,3,35,0,1,1,1,8,5,11,10,58.551426
480,40,83,37,12,9,3,37,1,0,1,1,4,3,10,11,58.218174
481,48,98,26,12,14,2,31,0,1,0,1,4,3,,,44.799194
481,40,82,27,12,9,2,32,1,0,1,0,2,2,12,8,50.47739
485,40,89,24,12,10,9,30,0,0,1,0,4,3,12,18,53.171173
485,40,120,43,12,11,1,30,1,1,1,1,6,6,,,52.096283
489,55,104,47,13,20,4,38,1,0,1,1,2,2,,,61.513729
495,40,88,30,12,6,10,31,1,0,1,1,2,1,,7,56.997169
500,40,101,31,14,12,0,32,1,0,0,0,2,2,11,6,62.957146
500,40,96,35,12,6,0,33,1,0,1,1,4,4,12,12,54.301987
500,45,90,47,12,19,4,37,1,0,0,0,0,1,12,6,54.457336
500,55,86,22,12,11,9,29,1,0,0,0,5,5,10,12,59.890617
500,30,90,46,13,10,1,38,1,0,0,0,4,3,,,62.003532
500,45,115,43,12,14,1,32,1,0,0,1,1,2,12,11,57.641479
500,50,97,34,11,20,3,37,1,0,0,0,2,1,,,37.353123
500,70,83,20,12,13,11,32,1,0,0,1,5,1,6,6,54.082924
500,40,98,26,13,14,5,32,1,0,0,0,3,4,12,8,61.486595
500,40,69,18,9,21,13,38,1,1,1,1,8,6,6,,2.9926848
500,40,83,39,12,18,11,36,1,1,1,1,0,1,7,,55.19075
507,55,110,36,14,10,4,32,1,0,1,1,2,2,13,16,63.645855
508,50,125,44,17,9,2,31,1,0,1,1,3,1,16,13,66.719963
508,50,87,35,12,16,1,32,1,1,1,1,2,1,10,,57.214447
510,54,62,34,11,13,4,33,0,1,1,1,7,6,2,10,39.847534
511,45,101,25,12,13,1,30,1,0,0,1,4,2,11,12,48.368553
513,40,104,40,16,8,10,33,1,0,1,0,5,2,12,10,64.620728
513,45,119,30,17,8,5,31,0,0,0,1,1,1,12,8,66.567963
515,45,114,30,13,8,10,28,1,0,0,0,3,2,12,12,61.145088
520,40,126,23,16,8,1,30,1,0,0,1,7,5,12,12,64.531334
520,40,79,28,16,6,1,30,1,1,1,0,0,1,11,,65.867035
520,50,107,30,18,6,3,29,1,0,0,0,10,1,12,14,66.949326
520,40,86,28,10,15,12,31,1,0,1,0,0,1,6,,25.566658
523,43,119,37,13,9,2,30,1,0,0,0,4,1,14,,62.315903
525,40,99,40,12,9,2,34,1,0,0,1,2,1,10,8,59.06678
525,40,100,22,13,5,1,31,1,0,1,0,1,1,10,12,61.409283
525,40,106,31,12,12,13,30,1,0,0,0,1,1,10,12,58.923424
528,55,116,40,18,5,9,30,1,0,0,1,4,5,12,12,67.474525
529,40,110,31,13,14,11,32,1,0,0,0,1,1,12,8,60.970558
533,30,65,21,12,5,1,32,0,1,0,1,5,1,11,12,58.445869
533,45,109,31,15,8,2,30,1,0,0,1,2,2,15,12,63.797951
537,40,97,32,12,14,8,31,0,1,0,1,2,1,11,,58.2663
538,55,98,45,18,5,1,34,1,0,0,1,2,2,13,,67.431023
540,50,113,33,12,12,3,31,1,0,0,0,5,4,6,12,51.321861
543,45,90,31,14,5,7,38,1,1,1,1,1,2,6,,63.450317
547,60,88,38,11,17,5,34,1,0,1,1,4,5,,,38.756786
548,40,86,22,11,7,0,33,1,1,0,1,5,2,11,,41.417358
549,49,79,23,12,11,3,32,0,0,0,0,4,2,8,8,46.789284
550,56,99,42,12,17,11,36,1,0,1,1,1,2,12,12,58.311611
550,46,95,44,12,18,15,35,1,0,0,1,1,1,12,11,55.055923
550,40,95,34,12,14,13,31,1,0,1,0,0,1,5,5,59.226189
550,40,77,36,12,15,2,37,1,0,0,0,6,3,8,8,49.29409
550,40,110,35,16,15,1,38,1,0,0,0,2,1,,,66.101685
550,40,95,20,12,4,1,30,0,0,0,0,3,4,12,10,54.99955
553,40,67,22,12,11,10,30,1,1,1,0,7,2,8,9,60.019241
556,40,127,44,16,6,2,31,1,1,1,1,2,1,12,12,66.352272
560,49,112,37,16,13,2,32,1,0,1,0,3,1,8,2,64.385056
560,44,70,34,12,16,11,35,1,1,1,1,2,1,8,,52.343948
562,40,74,27,11,14,5,34,1,0,0,1,10,6,6,11,39.12907
562,55,90,46,13,4,1,38,1,0,1,0,1,1,12,11,62.191765
562,40,99,25,12,18,12,34,0,0,0,0,1,1,12,12,58.107571
565,45,82,30,10,15,3,33,1,0,0,0,4,4,,,27.632093
566,45,104,46,16,5,2,32,1,0,1,0,1,2,12,12,66.195656
570,50,101,43,12,11,12,30,1,0,0,1,2,3,12,,59.743546
571,40,78,33,13,10,1,29,0,1,0,1,5,5,8,9,61.643185
571,40,66,20,9,15,10,33,1,0,1,0,5,1,8,6,21.19067
575,40,85,32,13,6,1,30,1,0,0,0,1,2,13,12,60.892776
575,40,116,37,12,11,9,29,1,0,1,0,1,2,8,12,60.104145
575,40,96,31,11,17,1,35,1,0,1,1,2,1,12,7,38.040394
577,40,111,37,16,8,8,29,0,1,1,1,1,1,18,18,66.186455
577,40,92,33,15,8,1,28,1,1,1,1,1,2,10,7,64.094765
577,40,106,43,17,11,7,33,0,1,1,1,3,2,13,16,66.647552
577,55,108,47,16,4,0,31,1,1,1,1,2,2,8,8,66.162941
577,60,104,43,14,6,2,30,1,0,1,1,2,3,14,12,63.368221
579,44,122,36,13,8,1,30,1,0,0,0,4,1,16,16,61.893291
583,48,94,35,14,10,6,37,1,0,0,0,2,1,12,12,63.521862
583,58,113,29,16,9,0,30,1,0,0,1,2,2,12,9,65.30349
583,80,86,24,12,9,1,30,1,0,1,1,2,2,12,12,60.586452
586,60,111,37,18,6,10,34,1,0,0,0,3,1,12,11,67.191742
586,56,98,41,11,18,16,35,1,0,1,1,2,2,,6,40.657051
587,38,117,40,17,8,5,29,1,0,0,0,3,3,12,,66.699493
590,40,109,27,13,10,7,29,1,0,0,0,2,2,12,12,60.82439
596,40,62,26,12,16,14,33,1,1,1,0,9,8,2,8,55.976158
596,40,83,36,12,16,17,34,1,0,0,0,3,3,8,8,53.461567
600,40,114,39,12,8,5,30,1,0,1,1,6,3,8,8,43.577084
600,40,96,22,11,7,2,29,1,0,1,1,4,3,8,8,42.919853
600,40,127,44,12,8,3,28,0,0,1,0,2,2,9,12,54.269333
600,40,91,24,10,13,0,30,0,0,0,1,1,2,8,8,23.865576
600,40,87,15,10,20,7,36,1,0,1,0,0,1,5,6,30.879438
600,40,115,40,13,7,7,28,0,0,1,1,4,5,5,,61.037079
600,40,120,45,15,12,1,38,1,0,0,0,3,4,12,,64.131279
600,40,114,36,16,5,4,30,1,0,1,1,2,1,12,12,66.026497
600,80,116,36,12,20,2,38,1,0,0,0,10,10,8,,58.414398
600,40,107,32,12,16,6,33,1,0,0,0,5,6,8,4,58.197578
601,48,111,30,12,15,3,33,1,0,0,1,0,1,12,12,59.877724
606,40,86,19,11,13,11,30,1,0,1,0,4,4,3,7,39.486061
610,50,89,21,12,14,4,30,1,0,0,0,1,2,7,6,59.093979
615,50,99,49,15,16,15,38,1,0,0,0,2,3,12,14,64.058243
615,40,100,31,14,9,4,30,1,0,0,0,3,3,12,12,62.423973
616,55,104,41,12,16,18,35,1,0,1,1,4,5,9,,59.843937
618,40,84,39,14,6,8,31,0,0,1,1,7,8,7,4,63.234787
618,42,104,34,12,6,2,30,1,0,0,1,3,2,8,12,57.158123
620,40,99,22,11,10,5,29,1,1,0,1,11,5,,,42.752743
621,43,84,24,12,14,10,31,1,0,1,0,4,3,8,6,48.831295
622,45,119,48,16,12,1,33,1,0,0,1,0,1,12,12,65.348587
623,45,98,34,16,7,1,30,1,0,0,0,3,1,12,12,64.830208
624,40,92,40,10,18,10,36,1,0,1,0,2,3,10,6,31.920385
625,40,110,32,12,18,0,35,1,0,0,1,4,1,9,8,53.4939
625,50,115,31,12,12,8,31,1,0,0,1,2,3,12,,47.910202
625,40,73,24,11,1,1,31,1,0,0,1,3,4,12,12,41.063507
625,40,72,34,9,17,5,34,1,0,1,0,10,7,4,,17.696728
625,40,92,25,16,6,9,33,1,1,1,0,11,1,,,64.986885
625,40,129,40,18,4,5,36,1,0,1,0,3,1,15,15,67.28495
629,60,93,32,12,6,1,30,1,1,1,0,8,3,10,6,60.660599
630,40,103,30,15,14,2,32,1,0,1,0,0,1,11,5,64.268196
635,40,128,35,18,8,13,36,0,0,0,1,2,1,16,16,67.423698
635,40,105,29,12,15,15,33,1,0,0,0,2,2,10,,54.391457
635,47,91,24,12,13,2,31,1,0,0,1,2,2,7,7,60.513645
641,45,125,44,14,9,0,37,1,0,0,1,1,1,12,11,63.311611
642,45,93,18,12,12,7,30,1,1,1,1,1,2,6,6,49.393497
642,35,87,26,13,9,3,30,1,0,1,0,10,10,4,10,62.285255
644,42,101,38,12,11,5,33,1,0,1,0,4,3,12,,57.172779
645,45,93,39,12,11,3,35,1,0,1,0,7,7,7,8,57.238998
650,40,100,18,12,4,3,28,1,0,0,1,6,2,9,11,55.127796
650,40,69,37,12,14,11,30,1,1,0,1,3,4,10,9,50.916958
650,40,97,27,10,14,9,30,1,0,1,0,5,1,12,9,27.967558
650,40,96,32,12,13,7,32,1,0,0,1,4,3,12,12,51.436771
650,40,99,36,12,13,10,30,1,0,1,0,1,2,12,10,44.427677
651,40,76,30,11,11,2,29,1,1,0,1,7,7,10,11,43.096508
652,50,113,37,12,14,4,36,0,0,0,1,1,2,9,9,58.890862
654,50,111,51,13,5,16,38,1,0,0,1,3,3,12,9,61.181049
654,50,121,49,17,12,13,34,1,0,0,1,1,2,11,12,66.556488
654,50,113,38,17,1,13,33,1,0,0,0,1,1,12,10,66.808899
658,40,129,34,16,11,9,30,1,0,0,1,2,1,13,16,64.369133
660,42,101,34,16,12,9,31,1,0,1,1,0,1,12,12,66.010574
661,40,96,25,13,8,6,29,0,0,1,0,3,2,,5,62.086563
662,45,99,27,14,7,2,28,1,1,1,0,6,1,5,5,63.131123
664,60,82,30,16,10,9,34,1,1,1,1,3,4,16,16,65.445343
664,40,105,30,12,8,10,29,1,0,0,1,7,6,12,12,43.848938
666,75,129,40,18,8,12,38,1,0,0,0,2,1,18,18,66.904533
666,70,117,34,15,8,2,32,1,0,0,1,0,1,,,64.284386
666,50,89,28,12,16,1,34,1,1,1,1,6,1,9,,52.234745
666,40,104,32,12,10,2,29,1,0,0,0,2,3,12,12,49.73941
668,43,109,29,12,11,12,29,1,0,0,0,2,3,8,7,56.079258
670,40,88,27,12,9,2,29,1,0,0,1,7,3,10,8,57.942425
670,45,117,33,12,10,3,30,1,0,0,0,5,2,12,,53.525352
670,50,108,43,12,14,8,34,1,0,1,1,5,1,11,7,57.730999
673,40,92,34,17,6,4,31,1,0,0,1,5,5,16,12,66.785881
673,40,85,21,12,17,10,35,1,0,0,0,2,2,12,12,48.608406
673,40,91,29,12,7,11,38,1,0,0,0,0,1,6,,57.104263
675,40,110,34,12,6,15,34,1,0,0,1,2,1,7,,58.946739
675,40,77,42,12,20,4,38,1,1,1,1,5,2,12,6,55.984848
680,40,86,35,12,13,9,32,0,0,1,0,6,1,6,7,55.71899
684,45,106,45,13,16,2,38,1,0,1,1,1,1,12,14,61.850937
684,45,111,25,14,7,7,29,1,0,0,1,4,1,12,12,62.81992
685,40,93,27,12,17,7,38,0,0,1,1,6,6,8,3,52.726158
686,55,106,38,10,15,3,36,1,0,1,1,4,5,14,10,36.569706
690,40,119,35,12,9,5,28,1,0,0,1,1,2,8,,60.194901
692,50,120,34,12,17,7,35,1,0,0,0,3,4,8,,57.480621
692,40,108,48,12,21,11,38,1,0,0,1,3,1,8,7,58.371029
692,50,95,21,12,16,9,34,1,0,1,1,2,2,7,5,59.98616
692,50,92,49,15,9,3,38,1,1,0,1,0,1,8,8,64.252625
693,40,79,36,11,18,3,38,1,0,0,0,3,2,8,8,42.093773
693,40,68,38,12,11,19,35,1,0,1,0,5,2,12,8,59.520226
693,53,101,29,12,7,6,28,1,0,0,0,1,2,12,12,53.836426
698,43,97,33,12,10,4,29,1,0,0,1,2,3,8,8,52.953239
700,50,130,29,13,14,1,38,1,0,0,1,1,2,11,14,61.818298
700,45,99,40,12,15,7,32,1,0,1,0,4,2,10,10,54.766331
700,40,73,23,12,17,9,38,1,1,1,0,8,3,,,56.730904
700,40,120,38,16,10,1,29,1,0,1,1,1,1,12,12,66.080559
700,40,82,35,13,10,4,30,1,0,0,1,4,5,8,,61.668472
700,40,81,26,12,13,13,31,1,0,1,0,5,6,8,4,52.029881
705,50,100,44,12,15,12,36,1,0,1,1,1,2,,,57.32719
705,40,89,32,9,19,0,36,1,1,1,1,0,1,,,18.485893
711,45,110,38,16,8,5,32,1,0,1,1,3,2,13,12,65.075157
713,40,75,25,12,5,12,36,1,1,1,1,7,4,,,48.067432
714,35,105,37,16,9,2,29,1,0,0,1,1,2,13,12,65.512909
714,40,90,32,12,17,1,37,1,0,0,0,5,3,12,12,48.244347
714,35,125,34,16,7,5,28,1,0,0,1,4,1,10,10,64.931671
720,50,101,39,13,1,7,29,1,0,0,1,4,2,11,11,61.711548
721,40,100,32,12,8,8,29,1,0,1,1,3,2,12,4,57.411804
721,40,134,38,13,9,9,30,0,0,1,1,3,3,8,8,60.802368
721,40,105,22,12,11,9,30,1,0,0,0,3,2,12,10,52.477283
722,55,113,36,16,8,1,38,0,0,1,1,1,2,8,,64.505829
723,40,98,34,12,15,5,38,1,0,0,1,1,1,9,,59.383629
723,40,102,44,12,12,10,30,1,0,0,1,10,6,12,6,55.521275
726,45,93,32,12,16,5,36,1,0,1,0,5,2,6,,54.157753
727,55,97,29,12,11,11,31,1,0,0,0,3,1,12,11,48.931755
729,60,80,31,11,16,15,34,1,0,0,1,6,1,12,6,41.222271
729,47,122,40,18,6,13,34,1,0,0,1,3,3,8,6,67.211441
732,40,73,28,10,17,5,36,1,0,0,1,5,6,,,35.770107
732,40,104,36,12,10,7,36,1,0,1,1,1,2,,,55.873867
737,48,103,37,12,7,4,30,1,0,0,1,4,4,10,,55.253677
740,50,84,31,10,23,13,38,1,0,0,0,5,1,,9,35.904739
745,40,94,40,13,17,1,36,0,0,0,0,2,3,13,8,60.743088
750,45,93,45,11,17,2,36,1,0,0,1,1,2,10,5,41.856918
750,40,106,32,14,9,9,29,1,0,0,1,1,2,11,10,62.933167
750,50,103,36,15,1,1,37,1,0,1,0,1,1,12,9,63.997898
750,43,94,38,14,12,10,33,1,0,0,0,1,1,11,12,62.985001
750,40,83,27,12,4,10,32,1,1,1,0,7,1,10,6,47.35619
750,60,74,23,10,13,9,30,1,0,0,1,4,2,11,9,26.651272
750,40,94,18,12,16,3,37,1,1,0,1,7,3,8,8,47.814526
750,40,104,36,12,15,11,33,1,0,0,0,0,1,12,12,58.604874
751,40,114,37,13,9,2,28,1,0,1,1,2,2,12,10,61.252083
751,40,96,42,12,9,7,38,1,0,0,0,1,1,10,8,57.565704
751,40,104,32,12,15,4,34,1,0,1,1,4,3,8,3,59.321976
753,46,70,34,10,21,7,38,1,0,1,1,4,2,12,7,36.154041
754,40,55,23,12,13,14,33,1,1,1,0,2,1,10,,53.118454
754,40,104,37,13,9,5,32,1,0,0,1,1,2,8,,61.479301
756,40,78,29,14,9,2,31,1,0,0,1,2,2,12,12,63.144051
757,40,113,35,16,10,9,33,1,0,0,1,2,1,12,12,65.110413
758,38,126,42,16,10,8,28,0,0,0,1,2,2,12,12,65.689552
760,40,88,34,12,12,15,31,1,0,1,1,2,1,12,7,57.659515
761,48,95,44,12,14,21,38,1,0,1,1,1,1,12,5,50.324001
762,58,104,37,15,6,4,33,1,0,0,0,2,1,11,12,63.771767
765,45,94,38,12,17,18,37,1,0,0,0,10,6,4,6,59.16605
766,40,109,31,12,17,18,35,1,0,0,0,4,3,,6,49.467182
769,55,120,49,18,8,12,32,0,0,0,1,1,1,11,8,67.376549
769,40,100,34,12,18,12,36,1,0,0,0,1,2,8,8,53.687325
769,40,93,35,12,11,2,31,1,0,0,1,1,2,8,8,58.662113
769,45,105,29,12,16,5,33,1,0,1,0,4,1,7,7,52.159134
769,55,105,45,18,7,15,38,0,0,0,1,2,3,9,5,67.042336
769,40,98,37,16,8,3,35,0,0,1,1,0,1,11,8,65.717407
770,48,91,39,12,13,2,38,1,0,0,1,1,2,10,8,51.756866
770,40,80,25,12,16,14,35,1,0,0,1,1,2,12,12,56.122276
770,40,105,34,17,7,11,30,1,0,0,1,3,1,12,12,66.513489
774,40,94,33,12,20,4,37,1,0,0,0,1,1,12,7,54.060856
779,40,84,29,12,9,6,30,1,0,0,1,0,1,8,12,55.472366
779,40,85,30,12,14,7,37,1,1,1,1,7,4,12,,59.342648
781,50,112,33,12,8,10,30,1,0,0,1,2,2,12,8,55.922314
781,40,89,24,11,13,10,30,1,0,0,1,3,1,9,8,42.215286
782,40,92,24,13,9,10,31,1,0,0,1,3,3,8,,61.055901
788,40,96,42,12,13,5,36,1,0,1,1,4,1,12,12,54.213295
788,40,99,20,12,10,10,28,1,0,1,1,4,5,10,3,57.89249
790,40,115,34,12,15,2,34,1,0,0,0,6,5,6,5,45.32465
793,40,96,43,12,17,18,36,1,0,0,0,4,5,8,8,58.010735
794,40,114,36,16,9,7,29,1,0,0,1,1,2,11,9,65.164963
795,52,89,35,11,16,4,34,1,0,0,1,6,1,,,39.997795
795,45,88,27,12,17,18,35,1,0,0,0,2,2,10,12,52.869934
796,48,119,31,13,16,15,37,1,1,0,1,7,1,11,,61.11174
797,41,89,38,12,10,7,36,1,0,1,0,1,2,7,8,53.224854
797,55,90,36,16,11,5,33,1,0,0,1,5,2,14,17,65.828262
800,45,110,36,12,19,12,36,1,0,0,1,7,8,,,60.162083
800,40,96,33,12,17,12,35,1,0,0,1,1,2,6,8,60.360641
800,40,112,39,12,15,3,34,1,0,0,1,6,4,7,,51.170738
800,25,75,37,13,14,1,38,1,0,1,1,0,1,12,10,61.690346
800,40,105,42,14,12,12,37,1,0,0,0,3,2,10,12,62.845795
800,40,122,38,16,10,2,31,0,0,1,1,3,3,12,8,65.793129
800,55,106,34,12,17,18,36,1,0,0,0,3,3,8,12,54.483109
800,50,110,35,14,8,5,28,1,0,0,1,3,4,12,10,62.639908
800,40,115,39,18,11,1,35,1,0,1,1,0,1,8,8,67.029739
800,40,115,38,12,20,12,38,1,0,0,0,7,6,7,8,58.616482
800,43,96,27,12,10,1,29,1,0,1,0,1,1,10,10,60.624207
800,40,88,29,10,21,14,37,1,1,0,1,8,1,11,8,31.384203
800,40,88,32,12,16,7,38,1,0,0,1,3,2,2,5,55.359081
800,50,92,28,9,18,13,34,1,0,0,1,0,1,8,8,13.934082
800,45,98,31,12,16,12,33,1,0,0,0,3,4,10,8,58.121071
801,48,100,30,14,6,10,29,1,1,1,1,2,1,,,63.591785
802,40,99,26,12,13,12,29,1,1,1,1,8,6,9,12,60.042168
803,40,120,35,13,4,1,28,1,0,1,1,3,4,10,12,62.278767
808,40,106,34,12,4,3,29,1,0,0,1,1,2,8,7,53.372063
808,60,109,47,13,14,12,38,1,0,0,1,2,2,12,10,62.208065
808,40,93,26,12,17,9,37,1,1,1,0,4,1,,,54.368332
808,50,101,34,17,8,0,30,1,0,1,1,1,2,15,15,66.459312
808,40,97,37,16,10,7,29,1,0,0,1,3,3,9,12,64.843948
808,40,99,40,12,18,13,38,1,1,0,1,0,1,9,8,59.436436
808,40,107,32,16,6,7,29,1,0,0,0,7,6,12,12,64.783791
808,50,101,44,18,8,9,38,1,0,1,0,3,2,17,12,66.867889
809,65,125,32,12,11,10,29,1,0,0,1,0,1,12,12,49.159409
812,40,131,44,16,9,3,30,0,0,0,0,1,1,12,12,66.252922
812,40,81,20,10,17,13,34,1,1,1,1,2,2,8,3,22.570753
812,45,115,46,16,11,3,34,1,0,0,1,1,2,12,8,66.041458
812,40,98,42,12,10,2,29,0,0,0,1,3,2,12,12,51.603783
815,40,114,25,12,15,14,31,1,0,0,0,2,1,12,10,50.146988
817,40,95,37,12,16,14,33,1,0,0,0,2,1,12,12,53.721695
817,40,101,38,16,11,9,32,1,0,1,1,1,2,0,5,65.212517
817,40,116,27,16,10,7,31,1,0,1,0,1,2,16,16,64.977013
818,47,92,41,12,16,17,38,1,0,0,0,12,1,8,4,51.10294
821,45,85,39,16,8,2,32,1,0,0,1,5,6,8,8,65.532043
824,42,92,37,12,19,15,38,1,0,0,1,1,1,12,11,46.976448
825,40,108,46,14,11,9,33,1,0,0,1,1,2,14,14,62.872906
826,40,114,40,14,20,3,37,1,0,0,1,4,4,8,6,62.486462
827,40,105,29,16,7,8,30,1,0,0,1,2,1,16,12,65.920166
829,40,98,33,12,15,15,36,1,0,0,1,4,5,8,8,54.521996
830,44,105,29,14,4,7,29,1,0,0,1,3,1,12,,62.999249
832,50,104,30,13,4,2,30,1,0,0,1,1,2,12,8,61.005562
833,60,101,47,12,15,12,37,1,0,0,1,5,2,12,,51.964737
833,48,96,37,16,9,7,31,1,0,0,1,4,4,12,14,65.069817
840,40,105,39,12,19,15,38,1,0,0,0,3,1,12,8,50.631439
840,50,96,34,12,18,13,35,1,0,0,1,2,1,12,8,51.576084
841,40,109,45,18,13,2,36,1,0,0,0,3,4,16,12,67.327187
841,44,106,40,12,15,10,31,1,0,0,1,5,6,8,,54.192589
841,48,110,37,18,13,1,37,0,1,0,1,1,1,12,12,67.009743
841,40,102,38,16,10,1,29,1,0,0,1,3,1,12,12,65.231491
843,40,102,32,14,8,7,29,1,0,1,0,1,1,16,16,62.597942
850,35,109,32,12,11,2,31,1,0,0,0,2,2,17,,55.859894
850,40,105,34,12,6,2,33,1,0,0,1,1,1,12,9,60.272823
850,43,111,38,16,8,8,34,1,0,0,1,4,2,,,65.580383
850,44,115,37,12,11,1,29,1,0,0,1,3,2,,,49.229599
850,43,113,26,12,7,3,28,1,0,0,1,1,2,8,12,56.500183
850,40,97,35,11,16,5,37,1,0,1,1,1,1,12,6,43.482929
850,40,72,36,11,19,10,38,1,0,0,1,2,3,10,8,40.284351
852,44,89,36,10,13,9,32,1,0,1,1,6,7,9,,37.069546
854,48,120,38,16,8,5,29,0,0,0,1,2,3,12,16,65.380661
855,45,119,45,16,11,4,32,1,0,0,1,3,1,12,9,65.659012
855,45,89,21,12,6,6,31,1,0,1,0,4,3,3,3,52.660614
855,40,118,41,14,6,14,33,1,0,1,0,3,1,,12,62.757778
855,40,109,36,12,17,15,36,1,0,0,0,3,1,7,6,55.796852
855,40,99,44,12,19,10,36,1,0,0,1,1,2,12,12,44.981579
857,35,80,39,10,14,15,33,1,0,0,1,2,1,,12,26.08927
857,65,99,41,12,18,3,38,1,0,1,1,2,1,8,8,55.547863
864,40,87,38,12,15,6,31,1,0,0,0,1,1,12,12,59.292522
865,40,111,38,16,11,4,31,1,0,1,1,4,5,8,5,64.48436
865,40,95,34,12,15,11,32,0,0,0,1,3,1,9,8,60.411148
865,40,110,35,16,1,11,31,1,0,0,1,3,1,9,12,65.560974
865,40,66,30,11,10,7,30,1,0,0,1,14,4,0,10,38.647942
865,40,114,26,12,6,8,30,1,0,0,0,2,3,8,8,47.258842
865,40,85,44,13,4,9,34,1,0,1,1,3,3,8,8,61.957474
865,40,130,39,16,5,3,30,1,0,0,1,4,2,8,12,65.315918
866,40,111,44,14,16,14,35,1,0,0,1,1,1,12,12,63.505318
866,40,114,48,13,15,16,37,1,0,1,1,3,1,12,,61.244812
866,40,85,26,12,11,12,30,1,1,1,0,8,5,6,0,53.895645
872,45,115,30,15,7,4,29,1,0,0,1,3,1,12,18,63.978172
873,65,95,36,12,14,3,38,1,0,0,1,5,1,10,10,56.16251
873,44,109,25,12,12,12,28,1,0,1,0,1,1,,11,57.3745
874,55,132,37,13,8,2,33,1,0,0,0,2,1,13,16,61.967659
875,36,95,22,12,16,2,38,0,1,1,0,8,9,6,,50.022655
875,50,124,40,16,9,3,31,0,0,0,0,2,2,17,16,64.686752
876,45,116,35,16,10,8,29,1,0,0,1,2,1,12,12,65.993317
879,40,118,41,18,1,9,31,1,0,0,1,1,2,13,13,67.120895
879,70,90,43,12,17,10,35,0,0,0,1,1,2,12,16,51.878181
881,40,90,41,12,4,14,36,1,0,0,0,2,3,12,,55.736736
882,44,96,34,12,15,13,31,1,0,0,0,6,3,8,10,55.380703
884,40,106,42,10,19,12,34,1,0,0,1,2,1,7,10,30.294868
884,40,108,40,17,9,11,35,1,0,0,1,3,2,14,9,66.802338
884,46,120,45,17,4,10,36,1,0,0,0,2,1,12,18,66.439697
888,50,105,36,15,9,5,32,0,0,0,1,2,2,12,10,63.855331
889,36,116,37,12,12,11,28,1,0,1,1,1,2,9,12,49.971748
890,60,92,20,14,9,8,32,1,0,0,1,1,2,7,7,63.021935
890,48,100,40,12,4,8,31,1,0,1,0,0,1,,,44.318207
890,70,73,46,12,6,8,31,1,0,0,1,3,1,12,12,45.79734
891,40,90,36,12,16,16,32,1,0,1,0,5,5,12,9,56.246086
894,40,104,35,18,7,10,35,1,0,1,0,7,8,9,8,67.252052
898,40,101,41,16,7,9,35,0,0,0,1,3,4,16,14,65.629768
900,40,86,28,12,17,15,37,1,0,0,1,5,3,8,10,51.779217
900,40,119,39,16,8,9,30,1,0,0,0,1,2,12,12,65.415581
900,40,78,21,12,16,5,33,1,1,0,1,4,1,7,6,46.500946
900,55,100,27,12,18,5,34,0,0,0,1,2,2,8,,59.50515
900,40,98,36,14,1,8,30,1,1,1,0,7,2,10,6,63.550488
900,40,54,37,14,12,3,31,1,0,1,1,2,1,12,12,62.452469
900,40,80,34,10,15,14,38,1,0,1,0,3,3,12,10,24.163342
900,40,103,38,12,15,1,37,1,0,1,0,3,3,8,6,50.262978
903,40,91,39,12,6,12,36,1,0,0,1,5,4,9,10,56.310619
905,40,102,31,12,17,4,37,1,0,0,0,5,5,12,12,57.816967
905,45,109,41,14,11,14,36,1,0,0,1,3,4,8,8,62.554504
906,40,120,40,14,16,2,37,1,0,0,1,5,1,12,12,62.388779
909,55,97,39,11,17,5,35,1,0,0,1,7,3,,,42.845989
909,40,102,34,12,14,5,33,1,0,0,1,3,3,12,7,48.742393
909,40,95,39,13,6,2,31,1,0,0,1,2,1,12,12,60.764183
910,30,95,27,12,16,5,35,1,0,1,1,2,3,12,14,54.968002
912,40,96,32,16,11,5,30,1,0,0,1,2,2,14,12,65.129623
913,40,110,26,14,4,13,29,1,0,0,1,3,4,9,,63.243736
913,40,101,33,16,5,7,31,1,0,0,1,2,3,12,,65.287567
921,38,102,45,14,9,11,33,1,0,0,0,1,2,16,,63.068966
923,40,105,54,18,7,14,34,1,0,0,1,1,1,12,12,67.093216
923,50,122,38,16,10,10,31,1,0,0,0,1,2,8,8,65.277893
923,50,107,30,16,9,8,33,1,0,0,1,6,4,9,8,65.973747
923,40,118,36,14,8,16,35,1,1,0,1,5,1,7,,63.415085
923,40,110,39,16,15,11,37,1,0,0,0,2,1,12,7,64.443367
923,50,123,44,14,8,7,31,1,0,0,1,1,2,8,,62.585297
925,40,75,27,12,12,9,30,1,0,1,0,2,2,6,,56.391953
926,55,64,22,12,18,0,38,1,0,0,1,4,5,0,2,47.142902
929,40,97,28,13,12,5,30,1,0,1,1,2,1,12,12,62.061958
930,43,132,44,18,8,13,38,1,0,0,0,1,1,13,14,67.408257
931,80,108,40,16,4,1,36,1,0,0,1,4,2,12,12,64.358879
935,44,97,27,12,10,6,29,1,0,0,1,2,2,8,7,59.42123
937,40,104,37,12,14,15,32,1,0,1,0,1,2,12,9,46.010193
937,40,102,36,12,16,8,35,1,0,0,1,3,2,12,6,60.599953
938,44,108,41,12,19,20,38,1,0,0,1,0,1,8,,57.796192
938,50,130,39,14,15,1,33,1,0,0,0,3,1,12,11,63.326294
940,45,102,46,14,11,7,36,1,0,0,1,1,2,12,10,62.697762
940,48,104,25,12,13,0,32,1,1,0,1,7,2,12,8,48.770798
940,45,102,30,13,15,12,30,1,1,1,1,2,2,,,62.227444
940,40,71,20,11,9,2,29,1,0,0,0,2,3,,,41.9249
940,45,98,41,18,10,7,31,1,0,1,1,2,2,8,12,67.453384
942,40,85,36,12,7,10,38,1,0,0,1,4,5,,,48.159786
945,40,87,41,12,12,13,38,1,0,1,1,2,2,8,,54.865376
947,48,104,41,18,8,13,35,1,0,0,0,3,2,9,12,67.234589
950,40,98,40,12,11,6,30,1,0,0,1,3,4,12,12,60.161381
950,40,96,38,12,14,2,35,1,0,0,1,1,1,8,2,55.637451
950,40,86,31,10,23,5,38,1,0,1,1,9,9,,6,33.584972
950,40,81,29,11,16,5,35,1,0,1,0,3,4,10,6,40.570816
950,44,96,26,16,8,10,32,1,1,1,1,1,2,10,,64.317612
950,60,98,36,11,13,6,31,1,0,0,1,2,1,12,12,39.580017
951,40,86,33,11,13,1,31,1,0,0,1,3,4,9,,40.131844
951,60,116,40,12,9,7,30,1,0,0,1,4,5,12,9,44.659676
952,40,99,34,13,10,10,31,1,1,0,1,1,1,8,10,61.918587
958,60,98,42,12,11,9,28,1,0,0,1,0,1,12,11,48.52718
958,50,105,37,10,17,2,35,1,0,0,1,1,2,6,8,36.883923
960,40,107,23,12,11,9,29,1,1,1,1,11,2,6,9,56.866459
961,40,76,17,12,13,13,31,0,1,0,1,13,5,,8,52.436596
962,40,120,25,16,6,4,28,1,0,0,0,4,3,12,8,65.596611
962,55,108,45,12,19,21,36,1,0,0,1,3,1,8,8,60.43396
962,40,97,42,12,15,4,34,1,0,1,0,5,1,10,8,45.894234
962,50,105,45,14,15,2,37,1,0,1,1,3,4,8,4,62.628036
962,40,93,46,12,15,1,30,1,0,0,1,2,2,9,12,57.614441
962,40,112,46,15,8,2,37,1,0,0,1,2,1,12,16,63.92149
962,40,110,34,12,16,8,33,1,0,0,1,2,1,10,10,56.553692
962,50,97,34,16,7,2,30,1,0,1,1,0,1,12,12,64.660995
962,40,85,41,10,15,16,38,1,0,0,1,1,2,9,12,29.314201
962,50,109,44,12,21,12,37,1,0,1,0,0,1,6,,60.692543
962,40,120,39,16,8,9,32,1,0,0,0,0,1,18,,64.722824
962,50,124,43,16,7,14,34,1,0,0,1,2,2,9,11,65.43158
963,40,85,32,14,9,9,28,1,1,1,1,5,1,7,,63.29044
971,40,95,42,17,5,11,37,1,0,0,1,1,2,16,8,66.676086
973,36,81,33,13,11,5,32,1,0,1,1,0,1,6,9,62.130272
975,40,97,39,13,8,0,31,1,0,0,1,3,1,12,12,61.570114
975,40,101,33,13,12,10,30,1,0,0,0,3,3,12,13,62.248848
978,48,104,36,12,19,15,36,1,0,0,1,5,6,6,,57.967216
978,45,89,47,12,17,2,38,1,0,0,1,0,1,12,,57.839222
981,40,122,41,14,9,15,35,0,0,0,1,3,2,12,,63.161369
984,40,108,39,13,17,18,37,1,0,0,1,4,1,15,8,62.172588
987,40,96,23,12,11,5,29,1,0,1,0,1,2,12,12,58.514706
987,38,109,41,16,9,3,31,1,0,1,1,3,4,4,,65.098785
988,48,91,39,12,15,15,36,1,0,1,1,1,2,8,8,49.810364
990,40,108,42,13,13,9,33,1,0,0,0,4,1,16,16,61.326595
990,40,67,23,12,16,3,34,1,1,0,1,2,1,8,8,59.935059
995,40,92,23,9,22,13,38,1,1,0,1,7,3,7,4,8.1840696
996,50,114,41,12,5,14,31,1,0,0,1,2,1,12,10,49.527679
1000,40,101,36,12,16,1,35,1,0,1,1,1,1,12,,56.215759
1000,40,103,40,12,17,2,34,1,0,0,1,1,1,8,,53.605141
1000,40,95,44,12,16,16,36,1,0,0,1,1,1,12,11,56.630424
1000,40,107,32,12,17,18,35,1,0,1,0,5,1,,,46.0895
1000,40,112,47,14,15,4,35,1,0,0,1,4,1,12,10,62.741547
1000,50,104,36,16,11,8,30,1,0,0,1,1,1,12,11,64.961174
1000,40,96,34,16,9,1,31,0,0,1,1,4,2,12,7,66.319153
1000,50,97,45,12,17,15,36,1,0,0,1,1,2,12,12,59.570686
1000,44,103,37,12,9,5,29,1,0,1,1,0,1,11,,58.333126
1000,40,96,40,11,15,15,37,1,0,0,1,5,5,8,9,37.439445
1000,40,110,42,12,6,12,37,1,0,0,1,5,2,8,12,59.800285
1000,45,90,42,12,16,0,38,1,0,0,1,6,3,10,12,59.120781
1000,48,105,39,12,11,4,28,1,0,1,0,0,1,12,7,59.940067
1000,43,69,31,12,15,16,35,1,0,0,1,4,4,12,8,49.879459
1000,60,101,30,12,11,6,30,1,0,0,1,3,1,10,10,44.117603
1000,65,93,32,12,11,9,29,1,0,0,1,7,1,12,8,45.11216
1000,45,118,38,14,9,7,30,1,0,0,1,3,1,12,10,63.467464
1000,40,93,26,11,11,0,29,1,0,1,1,5,3,12,12,43.175285
1000,40,100,42,12,16,14,32,1,0,1,1,2,3,12,12,57.768089
1000,45,123,41,12,12,1,29,1,0,0,1,3,3,12,10,58.164948
1000,40,89,31,12,9,5,28,1,0,0,1,2,3,13,12,60.221268
1000,44,113,41,17,8,2,34,1,0,1,1,4,1,17,18,66.85141
1000,40,89,40,12,17,8,38,1,0,1,1,7,7,1,4,56.459621
1000,40,72,20,12,16,9,34,1,0,0,1,3,4,12,12,58.719479
1000,45,103,29,15,8,3,32,1,0,0,1,3,4,12,,64.1054
1000,40,102,46,16,13,11,35,1,0,0,1,6,2,10,12,64.661636
1000,55,114,41,16,10,1,33,1,0,1,0,0,1,,,66.113449
1000,40,121,35,13,6,1,33,1,0,0,1,2,2,8,14,62.15419
1001,48,137,36,13,11,11,33,1,0,0,0,5,6,12,,61.540352
1001,34,77,22,12,12,3,29,1,1,1,1,9,8,3,4,56.382599
1001,40,109,48,12,20,22,37,1,0,0,1,1,1,8,10,60.121254
1004,40,81,36,12,17,15,34,1,0,1,0,1,1,12,,59.154224
1009,40,118,37,16,11,12,32,1,0,1,0,0,1,12,10,65.033257
1010,50,104,37,11,15,7,38,1,0,0,0,6,1,9,6,42.523468
1010,40,97,42,18,7,14,34,1,0,0,1,4,5,14,,67.35025
1011,40,104,43,12,20,7,37,1,0,1,1,0,1,,,60.307346
1014,55,110,42,16,13,9,30,0,0,0,1,1,2,12,14,65.247925
1015,40,67,31,12,15,11,32,1,1,0,1,3,2,9,5,49.570786
1016,40,72,18,10,14,15,37,1,1,0,1,8,9,11,,35.516617
1025,48,104,30,14,6,5,32,1,0,0,1,2,3,,12,62.950882
1025,40,85,29,15,9,13,29,1,1,0,1,6,1,14,12,63.90062
1025,40,104,25,12,12,7,29,1,0,0,1,3,4,12,10,58.748737
1026,45,85,46,12,4,16,38,1,0,0,1,1,2,,,57.0322
1026,45,125,33,12,11,11,28,1,0,0,1,3,1,14,17,55.159286
1026,45,113,27,16,9,13,30,1,0,1,1,2,2,16,14,64.888527
1026,60,105,34,16,12,1,35,1,0,0,1,3,1,14,10,64.917717
1027,27,100,40,13,12,15,38,1,0,0,1,3,3,10,9,60.947929
1027,45,115,41,12,16,7,35,1,0,0,1,4,3,8,5,53.785126
1028,40,111,28,12,19,12,37,1,1,1,1,3,4,12,,58.852257
1031,40,112,24,14,9,5,29,1,0,0,1,4,2,12,12,63.05534
1031,40,112,43,14,14,12,33,0,0,0,1,6,6,14,12,62.8027
1034,40,97,39,12,15,16,36,1,0,0,1,14,10,14,11,59.533127
1035,48,107,42,12,21,14,38,1,0,0,1,1,2,11,8,59.682663
1038,48,103,36,15,8,2,36,1,0,1,0,2,1,12,15,63.903049
1038,50,119,42,12,20,5,36,1,0,0,0,3,3,12,8,58.749851
1039,40,113,49,14,12,8,34,1,0,0,1,1,2,16,14,62.503471
1039,40,114,43,16,1,9,31,0,0,1,1,6,5,8,8,66.122543
1040,40,115,49,15,8,15,35,1,0,0,1,3,4,,11,63.829887
1040,48,108,36,12,16,17,35,1,0,1,1,6,7,7,3,44.580616
1040,40,101,38,12,19,9,38,1,1,1,1,6,1,11,12,45.563919
1049,55,120,39,12,9,11,32,1,0,0,1,3,2,12,10,59.779465
1049,44,122,39,16,7,3,33,1,0,0,0,3,3,10,12,64.757347
1049,50,112,45,14,6,10,32,1,0,0,0,3,3,12,10,63.116146
1050,40,119,37,16,7,18,37,0,0,0,1,2,2,12,13,65.253021
1050,50,97,31,15,4,9,31,1,1,1,1,2,1,16,9,63.756031
1053,40,90,33,12,18,7,37,1,0,1,0,1,1,11,11,53.629017
1053,38,114,35,16,12,7,32,1,0,0,1,0,1,11,11,66.306107
1058,40,94,40,14,13,14,34,1,0,0,1,0,1,15,9,63.539261
1058,40,120,44,16,16,13,37,1,0,0,0,5,4,12,4,64.594269
1058,40,85,50,12,17,8,38,1,0,0,0,4,1,12,,45.421677
1058,40,85,48,12,18,19,35,1,0,0,1,2,1,9,12,55.432434
1058,45,98,45,14,14,15,34,1,0,0,0,2,3,,,63.270737
1063,40,90,38,12,14,12,32,1,1,0,1,2,2,8,12,58.23534
1065,65,104,39,16,10,11,34,1,0,1,1,2,3,11,12,66.260674
1065,40,97,40,12,21,10,36,1,0,1,1,1,1,12,,53.296474
1070,40,91,42,12,13,1,30,1,0,0,1,1,2,14,12,51.520164
1070,40,124,41,13,4,9,32,1,0,0,1,0,1,,,61.117863
1072,42,104,37,16,6,8,35,1,0,0,1,2,2,12,6,65.905632
1075,40,115,28,14,9,10,30,1,0,0,0,2,1,12,10,63.334694
1075,40,103,31,12,17,10,33,1,0,0,1,13,3,11,11,56.609325
1076,45,105,24,12,5,8,31,0,0,0,1,1,1,16,17,50.210835
1076,38,106,42,12,19,20,36,1,0,1,1,1,1,12,9,58.476227
1079,50,87,33,12,18,9,36,1,0,0,1,5,5,8,,51.372017
1081,40,123,46,18,11,7,36,1,0,0,0,1,1,12,12,67.050018
1081,40,114,50,18,8,14,38,1,0,0,1,2,3,8,,67.110687
1081,40,92,34,13,8,2,30,1,0,1,1,3,4,12,10,61.070641
1082,40,111,44,13,20,12,36,1,0,0,1,4,2,8,11,61.731369
1082,55,95,40,12,11,4,29,1,1,0,1,2,2,11,,52.522808
1084,45,95,38,15,17,10,37,1,0,0,1,1,2,16,16,63.80558
1091,50,88,31,13,13,4,37,1,0,0,1,4,1,12,,61.788948
1092,44,110,34,16,15,13,36,1,0,0,1,4,4,13,13,64.431976
1097,50,80,27,11,12,12,28,1,0,0,0,5,1,12,11,38.231686
1098,45,105,22,14,6,1,32,0,0,1,1,1,2,12,,62.719284
1100,40,122,38,14,11,8,33,1,0,0,1,2,3,8,10,62.883148
1100,40,92,37,13,21,12,38,1,1,0,1,6,6,12,,61.279991
1100,37,100,32,12,14,1,30,1,0,0,1,1,2,7,7,50.788483
1100,40,91,41,12,18,10,36,1,0,0,0,2,3,8,8,52.088242
1100,40,104,41,12,18,7,37,1,0,0,1,2,3,11,13,57.33725
1100,40,105,45,12,22,14,38,1,0,0,1,1,1,12,12,48.288494
1100,50,117,51,16,11,12,32,1,0,0,0,0,1,12,10,64.422485
1104,54,96,39,12,11,4,29,1,0,1,0,1,2,10,12,53.405224
1105,40,103,32,13,10,11,30,1,0,0,1,1,1,16,15,61.775204
1105,40,104,29,16,5,8,29,1,0,0,1,3,1,12,12,64.555603
1105,40,93,36,11,17,16,37,0,0,0,1,2,2,8,8,40.812439
1105,40,119,32,16,9,10,30,0,0,1,1,5,1,11,10,65.471329
1107,40,112,38,12,12,5,38,1,0,0,1,5,3,11,12,56.822823
1110,52,106,42,12,11,6,33,1,0,0,0,5,2,12,12,47.969131
1111,45,90,47,12,18,18,37,1,0,0,1,6,3,,,56.675076
1111,40,98,32,14,10,1,29,1,0,0,1,3,1,12,15,62.379002
1111,45,118,43,15,11,3,32,1,0,0,1,3,1,11,10,64.228966
1111,40,103,33,14,13,13,31,1,0,0,0,6,3,14,12,63.612751
1115,40,118,40,16,12,13,33,1,0,0,1,1,1,8,,64.869431
1122,48,111,44,15,12,9,31,1,0,0,1,3,1,9,12,64.038704
1122,35,132,45,18,13,8,32,1,0,1,1,2,3,12,7,67.314468
1122,60,102,54,17,7,13,32,1,0,1,1,2,2,12,11,66.766701
1126,40,119,30,16,5,8,32,1,0,0,1,1,1,12,10,65.462776
1126,40,110,26,12,16,2,32,1,0,0,1,6,1,9,12,58.795502
1126,40,116,33,12,5,0,31,1,1,0,1,9,5,9,10,52.588333
1127,40,98,45,12,17,12,36,1,0,1,1,1,2,14,12,55.832287
1130,50,105,38,12,18,2,37,1,0,0,1,4,2,10,10,54.624969
1130,40,109,40,18,4,13,38,1,0,0,0,1,2,18,15,67.476158
1133,40,106,44,16,13,10,36,1,0,1,0,1,1,12,,65.045898
1136,50,117,36,14,16,12,34,1,0,1,1,2,3,12,12,62.662537
1140,48,109,43,12,16,15,35,1,0,0,1,2,2,11,6,43.985096
1143,35,97,40,12,21,8,38,1,0,0,1,5,1,12,12,47.717762
1151,48,87,41,12,18,9,38,1,0,0,1,2,1,12,12,51.65744
1151,45,90,38,12,19,19,36,1,0,0,1,1,1,12,8,60.542179
1151,40,98,34,12,12,12,29,1,0,0,1,3,4,12,8,57.455544
1154,40,109,42,16,12,9,34,1,0,0,1,0,1,13,16,65.772209
1154,42,88,32,12,14,12,29,1,0,1,1,2,2,12,7,47.581882
1154,40,134,46,18,10,10,37,1,0,1,1,2,1,12,12,67.266792
1154,45,111,37,15,13,1,36,1,0,0,0,2,3,14,5,63.71777
1154,40,116,42,15,11,12,34,0,0,0,0,2,1,12,9,64.233612
1154,50,109,46,16,10,3,35,1,0,1,1,2,1,16,14,66.326538
1154,40,117,38,16,11,12,35,1,0,1,1,5,5,17,18,65.965813
1155,60,106,46,18,10,2,37,1,0,0,1,3,3,14,18,67.303139
1155,40,102,36,12,16,5,34,1,0,0,1,1,2,12,,59.466843
1155,45,85,39,12,14,1,34,1,0,0,1,2,1,12,12,54.9161
1155,40,109,49,17,13,4,38,1,0,0,0,3,3,12,8,66.682579
1155,40,117,25,13,9,1,28,1,0,0,1,3,2,12,12,61.4426
1160,40,74,18,12,14,1,33,1,1,1,1,9,6,3,4,53.264572
1160,40,92,32,12,8,8,31,1,0,0,0,4,1,12,11,56.734959
1160,40,84,35,12,17,2,38,1,0,0,0,4,2,16,12,47.497349
1161,40,99,43,13,16,18,36,1,0,0,1,0,1,12,8,61.223724
1161,50,121,40,12,5,10,34,1,0,0,1,5,6,10,,50.963226
1162,48,102,40,16,8,11,31,1,0,0,1,3,2,12,,64.809349
1162,45,89,39,12,11,4,37,1,0,1,1,3,3,15,,53.980141
1170,47,123,45,14,9,14,32,1,0,0,1,3,4,8,12,63.090931
1175,45,111,38,12,17,14,34,1,0,0,1,0,1,16,4,47.083809
1186,30,91,41,17,8,9,33,1,0,0,1,1,1,12,14,66.437492
1188,40,93,40,13,16,5,35,1,0,0,1,2,1,12,8,61.359638
1188,40,105,28,12,11,7,30,1,0,0,1,3,1,12,10,59.835045
1190,40,119,38,17,4,2,34,1,0,0,1,0,1,12,14,66.772041
1193,50,82,38,12,19,10,36,1,0,1,1,0,1,12,,49.108528
1196,45,96,45,14,10,4,32,1,0,1,0,2,3,10,6,63.482254
1198,32,117,39,16,7,9,30,1,0,1,1,1,2,12,12,65.93856
1199,43,70,28,13,13,5,30,1,1,1,1,3,1,8,,61.434231
1200,40,108,29,12,16,11,33,1,0,0,1,3,2,8,,51.250946
1200,50,84,13,12,13,9,32,1,0,0,1,5,2,6,6,56.960793
1200,42,119,28,16,11,5,30,1,0,0,1,5,1,10,11,66.220123
1200,40,109,42,15,7,8,33,1,0,0,1,2,1,11,12,64.006264
1200,40,96,26,9,18,0,34,1,0,0,1,4,3,,8,11.431541
1200,40,96,48,11,15,3,37,1,0,0,1,4,3,8,8,43.394585
1200,50,99,37,12,11,11,28,1,0,0,1,5,4,10,8,50.051113
1200,40,79,32,17,9,9,32,1,0,0,1,0,1,8,8,66.384659
1200,40,103,27,14,5,2,30,1,0,0,1,1,1,6,7,62.825577
1200,40,97,35,12,10,4,31,1,0,0,1,3,1,12,12,50.745171
1201,50,98,38,11,17,16,36,1,0,1,0,4,5,11,2,42.435371
1202,48,114,28,16,6,6,28,1,0,0,1,3,3,16,16,64.99839
1202,40,101,40,15,15,17,37,1,0,0,1,3,2,12,12,64.305099
1202,40,102,32,13,10,3,31,1,0,1,1,7,7,8,6,61.831821
1202,40,131,32,16,10,2,33,1,0,0,0,3,2,12,12,64.785355
1202,40,125,30,14,10,11,29,1,0,0,1,2,3,12,12,63.034645
1202,40,84,21,14,6,5,31,1,1,0,1,2,1,11,9,63.627781
1202,40,124,23,15,11,8,28,1,0,0,1,2,2,10,,63.748718
1202,40,100,40,12,18,2,37,1,0,0,1,0,1,12,12,45.53545
1205,40,86,32,10,13,0,32,1,1,0,1,5,5,8,,29.803659
1206,40,110,37,12,16,4,38,1,0,0,1,1,1,12,12,59.689335
1211,27,92,33,12,13,3,31,1,0,0,1,3,2,16,12,43.710613
1212,40,95,36,12,6,16,38,1,0,1,0,3,1,12,8,53.026489
1212,40,129,33,14,9,3,32,0,0,0,1,6,7,8,9,62.462517
1223,40,107,34,12,7,3,28,1,0,0,0,1,1,12,10,60.671913
1225,40,118,44,13,9,14,32,1,0,0,1,0,1,12,9,61.602421
1230,50,96,33,13,11,12,30,1,0,0,1,3,2,10,11,61.613029
1235,40,82,45,12,10,2,33,1,0,0,1,1,1,11,11,60.237808
1239,45,109,44,12,16,4,38,1,0,0,1,3,3,12,,58.387772
1241,40,83,51,13,9,10,33,1,0,1,1,2,3,12,12,61.001114
1250,40,92,42,16,10,11,32,0,0,1,1,1,1,12,10,65.842239
1250,40,114,37,16,8,8,30,1,0,0,1,5,3,2,8,66.157555
1250,40,95,23,12,12,2,32,1,0,0,1,2,2,12,12,60.723644
1250,40,117,31,14,7,1,28,1,0,0,1,1,2,12,12,62.906116
1250,44,96,32,12,19,20,38,1,0,0,1,2,1,12,12,54.659599
1250,46,110,37,12,5,16,38,1,0,0,0,1,1,,12,56.029591
1250,60,115,40,11,19,4,38,1,0,0,1,1,2,,,41.644138
1250,32,104,32,13,13,3,33,1,0,0,1,3,3,9,,61.878021
1250,40,125,27,16,9,10,30,1,0,0,1,3,1,16,,65.587898
1250,40,102,30,13,13,11,30,1,0,1,1,5,6,7,,62.330246
1250,40,117,45,16,10,7,33,1,0,0,1,1,1,12,14,64.543495
1250,40,115,36,14,9,1,29,1,0,0,1,2,2,12,12,62.780128
1250,40,91,28,12,13,1,34,1,0,0,1,3,1,11,5,58.98579
1250,50,102,26,12,6,2,32,0,0,0,1,4,2,11,8,51.868378
1250,32,98,40,12,17,2,33,1,0,0,1,0,1,14,10,57.70285
1250,40,106,36,12,14,19,35,1,0,0,1,4,1,11,13,50.838894
1260,45,79,39,12,19,15,37,1,0,0,0,3,2,9,8,52.772133
1260,45,106,37,12,5,3,29,1,0,0,1,2,1,12,13,60.472977
1261,40,117,41,17,1,9,35,1,0,0,1,4,1,6,8,66.641678
1270,40,84,40,12,11,12,30,1,0,0,1,2,2,12,12,46.219101
1270,40,104,34,16,8,4,31,1,0,1,1,3,4,16,17,64.860474
1270,40,118,42,14,4,16,36,1,0,0,1,2,1,12,12,63.39539
1272,40,107,39,12,10,1,30,1,0,0,1,4,3,12,12,59.71777
1273,55,84,42,18,14,4,37,1,0,0,1,1,1,8,12,66.968025
1273,55,120,44,14,11,16,36,1,0,0,0,1,1,12,,62.569939
1274,40,106,35,13,11,12,31,1,0,0,1,0,1,15,12,62.025459
1275,40,123,37,14,9,1,31,1,0,0,1,0,1,12,,63.195473
1282,60,96,24,18,7,5,32,1,0,1,1,4,2,12,18,66.886932
1282,45,121,39,18,7,13,32,1,0,0,1,2,2,12,12,67.214363
1282,45,112,41,16,6,6,31,0,0,1,1,2,2,12,12,65.494926
1282,45,97,48,16,4,1,32,1,0,0,1,11,3,16,16,64.577377
1299,60,125,44,18,6,12,35,0,0,0,1,1,2,8,8,67.059784
1300,40,78,40,13,12,3,33,1,0,1,1,2,3,12,12,62.069317
1300,35,100,38,12,13,15,31,1,0,0,1,4,2,11,,60.345848
1304,45,119,36,17,9,9,31,1,0,0,0,1,1,13,12,66.846092
1312,40,118,39,10,14,4,32,1,0,0,1,0,1,12,8,34.613434
1318,35,118,47,16,16,17,37,1,0,0,0,1,1,8,12,66.273758
1318,38,119,24,16,7,2,28,1,0,0,1,3,1,10,10,66.370102
1322,40,128,43,16,7,1,33,1,0,1,1,0,1,18,,64.892441
1325,45,97,44,12,12,5,28,1,0,0,1,1,2,12,8,59.659637
1329,55,115,56,18,10,5,36,1,0,0,1,1,1,12,12,67.33503
1333,60,106,38,15,5,1,30,1,0,1,1,2,2,12,12,63.838509
1333,45,112,50,16,14,8,38,1,0,1,1,1,2,12,4,65.178917
1333,45,103,30,16,7,1,34,1,0,0,1,3,1,,,66.203552
1339,38,96,42,12,8,9,33,1,0,0,1,0,1,12,11,57.923508
1346,40,134,42,15,15,7,35,1,0,0,1,2,1,12,10,64.069405
1346,45,60,34,16,8,2,31,1,0,1,1,2,3,,,64.947044
1346,40,90,44,16,9,16,38,1,0,0,1,1,1,12,12,66.137085
1346,40,106,38,16,15,11,37,1,0,0,1,1,1,8,14,65.191513
1346,40,112,39,16,14,14,35,1,0,0,1,0,1,12,16,65.851311
1346,50,128,46,16,10,1,33,0,0,0,0,3,1,10,9,65.748665
1346,50,108,51,16,9,4,36,1,0,0,1,1,2,12,10,64.631821
1350,40,107,37,12,17,12,35,1,0,0,0,2,3,,,60.492767
1354,40,119,49,17,13,9,35,0,0,0,0,2,1,16,16,66.524734
1360,45,109,39,15,6,9,36,1,0,0,1,3,3,12,10,64.190308
1366,40,90,35,12,13,1,30,1,0,0,1,3,3,12,12,54.758926
1366,38,122,38,12,15,15,32,1,0,0,1,1,2,12,,58.670292
1368,45,107,31,16,11,1,33,1,0,1,1,2,2,16,16,64.399574
1371,40,128,50,18,8,13,36,1,0,0,0,1,2,16,12,67.08213
1375,40,96,24,13,3,3,30,1,0,0,1,3,1,11,8,61.347481
1375,40,103,34,12,12,7,29,1,0,0,1,4,2,12,10,45.715385
1377,37,118,48,16,15,1,36,1,0,0,1,2,2,11,10,64.604324
1384,50,104,42,13,8,7,31,1,0,1,0,3,1,13,14,60.868717
1384,50,114,48,18,12,2,37,1,0,0,1,1,1,12,13,67.445618
1386,40,97,38,10,17,9,37,1,0,1,1,1,2,12,8,31.115084
1386,42,109,43,16,10,11,34,1,0,1,0,1,1,4,14,65.615547
1391,50,109,38,12,14,8,32,1,1,1,1,1,2,11,9,53.987442
1394,40,118,41,16,11,8,30,1,0,0,0,2,1,13,12,65.54631
1400,42,108,38,17,7,3,31,1,0,0,1,2,1,12,14,66.826927
1400,40,116,43,16,14,2,35,1,1,0,1,1,2,8,,65.025803
1400,40,92,34,12,15,5,36,1,0,1,1,2,1,6,2,58.040047
1411,45,121,40,18,14,3,38,1,0,0,1,3,2,12,16,67.131119
1411,45,111,40,16,11,12,32,1,0,1,1,1,1,12,9,65.882957
1417,48,125,41,17,9,4,34,1,0,0,1,3,1,13,12,66.482979
1417,38,88,36,16,9,10,32,0,0,0,1,2,1,12,12,65.407211
1418,45,102,44,12,19,20,36,1,0,1,1,2,3,8,8,58.865891
1424,50,96,47,17,15,12,37,1,0,0,1,2,3,,,66.592995
1424,50,98,41,14,15,4,35,1,0,0,1,1,1,12,12,62.686615
1442,40,123,42,17,14,7,38,1,0,1,0,2,3,12,6,66.540718
1442,40,108,40,12,17,17,36,1,0,1,1,1,1,9,12,44.192753
1442,40,113,36,13,14,8,36,1,0,1,1,2,1,12,12,61.395378
1442,40,115,47,12,14,9,36,1,0,0,1,7,5,12,12,57.549263
1442,40,112,42,12,19,15,36,1,0,0,1,3,2,10,8,51.044121
1442,40,114,38,12,16,17,33,1,0,0,1,2,3,12,10,60.392761
1442,40,110,40,13,13,13,29,1,1,1,1,1,2,7,9,61.559124
1442,40,113,45,16,8,10,35,1,0,1,1,2,2,8,8,65.807434
1442,60,117,39,16,9,3,31,1,0,1,1,1,2,12,10,66.073601
1442,40,132,39,17,8,1,33,1,0,1,1,3,1,8,12,66.582703
1442,40,118,33,16,6,7,29,1,0,0,1,2,1,16,12,65.641312
1442,40,105,42,12,9,16,37,1,0,1,1,3,4,,,52.828125
1444,40,120,50,16,12,15,37,1,0,0,1,1,2,17,13,66.238365
1444,40,109,33,15,11,1,29,1,0,1,1,2,1,11,9,64.203125
1452,35,69,33,16,12,15,38,1,1,0,1,7,6,10,10,66.059052
1452,45,115,45,17,1,7,30,1,0,0,1,3,1,12,14,66.738449
1455,40,109,44,16,8,13,36,1,0,0,1,1,2,8,8,64.752853
1463,45,104,47,15,14,11,37,1,0,1,1,3,4,12,12,63.964199
1473,40,110,48,16,15,15,36,1,0,1,0,1,2,12,14,65.326408
1495,45,113,50,17,13,9,33,1,0,0,1,3,3,12,8,66.469086
1495,45,109,34,18,10,3,32,1,0,0,1,3,1,9,8,66.913689
1500,40,101,38,13,13,2,32,1,0,1,1,5,3,12,8,60.935284
1500,40,103,29,12,10,11,34,1,0,0,1,2,3,12,7,57.066113
1500,40,123,43,16,9,12,32,1,0,1,1,1,1,12,14,65.136978
1500,37,119,41,15,8,5,33,0,0,0,1,1,1,12,18,64.137291
1522,46,102,37,12,15,16,37,1,0,0,0,3,2,12,10,55.577156
1539,45,120,36,17,7,8,34,1,0,0,1,1,1,8,8,66.616562
1539,40,111,41,17,10,13,37,1,0,0,1,3,2,12,16,66.727722
1539,40,115,38,17,7,9,31,1,0,1,1,2,1,12,16,66.40715
1539,40,112,42,12,15,15,32,1,0,0,0,3,1,,10,46.615227
1541,40,94,39,12,8,1,32,1,0,0,1,8,3,12,11,53.860668
1550,40,104,47,12,16,1,34,1,0,1,0,8,4,9,10,52.279388
1559,40,103,32,12,17,10,34,1,0,0,1,3,4,8,8,52.90897
1562,40,97,28,17,7,2,32,1,0,1,1,5,1,12,13,66.623199
1566,40,127,44,12,7,1,29,1,0,0,1,3,2,11,,60.006973
1573,55,90,28,12,5,3,30,1,0,0,1,4,3,11,8,52.373699
1573,55,112,42,18,7,8,34,1,0,1,1,1,1,14,18,66.921516
1575,40,117,28,12,13,2,30,1,0,0,1,3,3,10,10,46.708038
1586,40,127,48,16,16,12,37,1,0,0,1,4,4,16,16,66.290466
1586,40,92,47,14,16,1,36,1,0,1,1,4,4,12,,63.180996
1602,60,124,36,16,12,2,37,1,0,0,1,1,2,12,12,65.698776
1602,65,97,47,15,14,14,37,1,0,0,1,1,1,8,,64.165634
1602,60,110,45,15,14,1,37,1,0,0,1,5,1,14,12,64.181427
1602,60,124,32,16,8,9,29,1,0,0,1,3,1,16,16,65.498337
1607,56,108,41,13,7,9,36,1,0,0,1,2,1,,,62.110081
1615,50,113,49,16,10,4,36,1,0,0,1,2,1,12,12,65.667007
1620,38,111,42,15,8,5,29,1,0,0,0,1,2,10,,63.944584
1634,40,94,39,13,18,18,36,1,0,1,1,2,2,8,8,60.85873
1634,40,95,48,12,18,3,38,1,0,1,1,3,3,,3,46.830276
1643,48,117,48,18,8,2,33,1,0,0,1,2,2,12,18,67.39415
1679,55,127,45,18,10,3,32,1,0,1,1,1,2,12,16,67.165558
1682,40,115,48,16,10,4,37,1,0,1,1,1,2,12,17,65.147652
1682,50,107,41,14,15,9,32,1,0,1,1,0,1,12,12,62.537006
1682,45,126,40,16,10,11,31,1,0,0,1,1,1,12,16,64.728424
1694,30,113,30,15,9,8,29,0,0,0,1,3,1,12,16,63.687263
1699,40,100,40,12,11,9,33,1,0,0,1,1,2,12,8,48.495407
1699,40,96,19,12,10,1,29,0,0,1,1,2,3,12,12,46.412148
1710,45,114,39,18,7,6,32,1,0,0,1,1,1,12,,66.979874
1710,45,118,40,18,12,12,38,1,0,0,1,1,1,12,12,67.007263
1730,50,117,41,18,12,12,37,1,0,0,1,1,2,12,8,67.390793
1744,43,106,41,16,8,9,29,1,0,1,1,1,1,12,16,65.364479
1746,40,131,41,18,9,10,33,1,0,0,1,7,3,12,12,67.151344
1748,55,123,48,17,10,7,36,1,0,0,1,1,1,12,12,66.750687
1748,55,125,50,18,12,12,34,1,0,0,1,1,2,14,15,67.166168
1749,40,108,32,12,13,9,29,0,0,0,1,7,1,12,9,53.046604
1749,43,101,28,12,16,17,36,1,0,0,0,2,2,12,8,49.636417
1778,40,109,43,16,14,13,36,1,0,0,1,0,1,11,12,65.750969
1779,40,132,42,17,8,9,32,1,0,0,1,1,1,17,14,66.392387
1792,40,118,47,16,9,9,34,1,0,0,1,1,1,12,12,66.025749
1832,40,97,38,12,16,1,36,1,0,0,1,1,2,8,12,54.814064
1843,48,109,38,16,11,2,32,1,0,0,1,3,2,12,,65.89566
1899,40,127,49,18,9,14,36,0,0,0,1,0,1,10,,66.876671
1903,48,118,44,18,13,5,36,1,0,0,0,0,1,11,11,67.295753
1920,40,109,32,12,13,2,31,1,0,0,0,0,1,12,8,50.623024
1924,50,112,47,18,9,10,38,1,0,0,1,6,1,16,18,66.983253
1924,50,98,49,17,6,7,38,1,0,0,1,1,1,4,,66.547485
1924,40,105,42,16,14,13,36,1,0,0,0,0,1,12,,66.337822
1924,50,99,48,16,16,14,37,1,0,0,1,0,1,16,18,64.695992
1924,50,121,40,18,11,7,35,1,0,0,1,3,1,16,18,67.363289
1924,45,112,40,16,17,18,38,1,0,0,1,1,1,12,12,64.460533
2004,48,105,48,18,10,0,34,1,0,0,1,2,1,12,12,67.076576
2067,40,106,41,16,12,13,33,1,0,1,1,2,1,14,12,64.494438
2099,55,119,38,16,10,4,32,1,0,0,1,0,1,12,12,65.39209
2137,45,145,50,16,17,8,38,1,0,0,1,2,1,12,12,64.329559
2137,45,102,35,13,8,2,30,1,0,1,0,0,1,12,12,61.745827
2137,40,120,48,16,16,3,37,1,0,1,1,3,3,12,12,65.780853
2137,45,108,45,16,11,2,36,1,0,0,1,2,3,12,,65.951454
2162,40,115,51,17,4,4,38,1,0,0,1,1,1,12,12,66.414764
2162,40,116,38,15,9,4,31,1,0,0,1,2,1,12,17,63.87661
2162,40,124,48,18,10,8,32,1,0,1,1,1,1,10,10,67.242134
2308,40,116,42,17,8,2,38,1,0,0,0,6,1,12,13,66.663422
2404,50,106,38,15,8,0,32,1,0,0,1,2,1,12,12,63.68095
2404,50,96,42,14,1,1,36,1,0,0,1,5,5,8,10,63.223358
2500,40,95,51,15,12,9,36,1,0,0,1,3,1,16,16,63.657227
2500,60,82,41,12,21,1,38,1,0,1,0,3,3,8,5,56.443027
2668,75,108,41,13,12,2,32,1,0,1,1,1,2,12,12,61.927414
2771,50,134,45,18,6,7,34,1,0,0,1,4,3,16,16,67.181168
3078,30,107,23,13,11,4,29,1,0,0,1,2,2,12,12,62.013172
3078,65,120,50,14,12,13,36,1,0,1,1,1,2,12,,63.42522
